{
  "$schema": "https://raw.githubusercontent.com/martinring/tmlanguage/master/tmlanguage.json",
  "name": "Logica",
  "patterns": [
    {
      "include": "#program"
    }
  ],
  "repository": {
    "expression": {
      "patterns": [
        {
          "include": "#combine"
        },
        {
          "include": "#string_literal"
        },
        {
          "include": "#number_literal"
        },
        {
          "include": "#boolean_literal"
        },
        {
          "include": "#null_literal"
        },
        {
          "include": "#list"
        },
        {
          "include": "#inclusion"
        },
        {
          "include": "#implication"
        },
        {
          "include": "#unary_operator_call"
        },
        {
          "include": "#binary_operator_call"
        },
        {
          "include": "#record"
        },
        {
          "include": "#call"
        },
        {
          "include": "#assign_combination"
        },
        {
          "begin": "\\(",
          "end": "\\)",
          "beginCaptures": {
            "0": {
              "name": "punctuation.parenthesis.begin.logica"
            }
          },
          "endCaptures": {
            "0": {
              "name": "punctuation.parenthesis.end.logica"
            }
          },
          "patterns": [
            {
              "include": "#expression"
            }
          ]
        }
      ]
    },
    "combine": {
      "patterns": [
        {
          "name": "keyword.control.flow.logica",
          "match": "\\bcombine\\b"
        },
        {
          "include": "#aggregating_operator"
        }
      ]
    },
    "string_literal": {
      "name": "string.quoted.double.logica",
      "begin": "\"",
      "end": "\"",
      "patterns": [
        {
          "name": "constant.character.escape.logica",
          "match": "\\\\."
        }
      ]
    },
    "number_literal": {
      "patterns": [
        {
          "name": "constant.numeric.float.logica",
          "match": "(?x)\n  (?<! \\w)\n  (?:\n    \\. (?: [0-9] )+\n    |\n    (?: [0-9] )+ \\. (?: [0-9] )+\n    |\n    (?: [0-9] )+ \\.\n  )\\b\n"
        },
        {
          "name": "constant.numeric.dec.logica",
          "match": "(?x)\n  (?<![\\w\\.])(?:\n      [1-9](?: [0-9] )*\n      |\n      0+\n  )\\b \n"
        }
      ]
    },
    "boolean_literal": {
      "name": "constant.language.logica",
      "match": "\\b(true|false)\\b"
    },
    "null_literal": {
      "name": "constant.language.logica",
      "match": "\\b(null)\\b"
    },
    "list": {
      "begin": "\\[",
      "end": "\\]",
      "beginCaptures": {
        "0": {
          "name": "punctuation.definition.list.begin.logica"
        }
      },
      "endCaptures": {
        "0": {
          "name": "punctuation.definition.list.end.logica"
        }
      },
      "patterns": [
        {
          "name": "punctuation.separator.element.logica",
          "match": ","
        },
        {
          "include": "#expression"
        }
      ]
    },
    "inclusion": {
      "patterns": [
        {
          "name": "keyword.control.flow.logica",
          "match": "\\b(in)\\b"
        }
      ]
    },
    "implication": {
      "patterns": [
        {
          "name": "keyword.control.flow.logica",
          "match": "\\b(if|else|then)\\b"
        }
      ]
    },
    "field": {
      "match": "\\b(?<!@)[A-Za-z_]\\w*\\b(?=[:?])",
      "name": "variable.parameter.logica"
    },
    "record_field_value": {
      "patterns": [
        {
          "include": "#field"
        },
        {
          "name": "punctuation.separator.colon.logica",
          "match": ":"
        },
        {
          "include": "#expression"
        }
      ]
    },
    "record_internal": {
      "patterns": [
        {
          "name": "punctuation.separator.element.logica",
          "match": ","
        },
        {
          "match": "(?x)\n  ((?<!\\.)\\.\\.(?!\\.))\n  (?:[a-z0-9_]+)\n",
          "captures": {
            "1": {
              "name": "keyword.operator.spread.logica"
            }
          }
        },
        {
          "include": "#record_field_value"
        }
      ]
    },
    "aggregating_field_value": {
      "patterns": [
        {
          "include": "#field"
        },
        {
          "match": "\\?",
          "name": "keyword.operator.logica"
        },
        {
          "include": "#aggregating_assignment"
        }
      ]
    },
    "aggregating_record_internal": {
      "patterns": [
        {
          "name": "punctuation.separator.element.logica",
          "match": ","
        },
        {
          "include": "#record_field_value"
        },
        {
          "include": "#aggregating_field_value"
        }
      ]
    },
    "record": {
      "begin": "{",
      "end": "}",
      "beginCaptures": {
        "0": {
          "name": "punctuation.definition.dict.begin.logica"
        }
      },
      "endCaptures": {
        "0": {
          "name": "punctuation.definition.dict.end.logica"
        }
      },
      "patterns": [
        {
          "include": "#record_internal"
        }
      ]
    },
    "operator": {
      "patterns": [
        {
          "name": "keyword.operator.logical.logica",
          "match": "(?x) ( && | \\|\\| )"
        },
        {
          "name": "keyword.operator.comparison.logica",
          "match": "(?x) ( < | > | <= | >= | == | !=)"
        },
        {
          "name": "keyword.operator.arithmetic.logica",
          "match": "(?x) (\\+ | \\* | \\/ | \\+\\+ | \\^ | ->)(?!=)"
        }
      ]
    },
    "unary_operator": {
      "patterns": [
        {
          "name": "keyword.operator.logical.logica",
          "match": "\\!(?!=)"
        },
        {
          "name": "keyword.operator.arithmetic.logica",
          "match": "(?<!:)-(?!=)"
        }
      ]
    },
    "unary_operator_call": {
      "patterns": [
        {
          "include": "#unary_operator"
        }
      ]
    },
    "binary_operator_call": {
      "patterns": [
        {
          "include": "#operator"
        }
      ]
    },
    "import": {
      "patterns": [
        {
          "begin": "\\b(?<!\\.)(import)\\b",
          "end": "$",
          "beginCaptures": {
            "1": {
              "name": "keyword.control.import.logica"
            }
          },
          "patterns": [
            {
              "match": "(?x)\n  (?:.+)\n  \\. \n  (\\w+)\n  \\s+\n  (as)\n  \\s+\n  (\\w+)\n",
              "captures": {
                "1": {
                  "patterns": [
                    {
                      "include": "#logica_predicate"
                    }
                  ]
                },
                "2": {
                  "name": "keyword.control.import.logica"
                },
                "3": {
                  "patterns": [
                    {
                      "include": "#logica_predicate"
                    }
                  ]
                }
              }
            },
            {
              "match": "(?x)\n  (?:.+)\n  \\.\n  (\\w+)\n",
              "captures": {
                "1": {
                  "patterns": [
                    {
                      "include": "#logica_predicate"
                    }
                  ]
                }
              }
            }
          ]
        }
      ]
    },
    "imperative_predicate": {
      "patterns": [
        {
          "name": "keyword.operator.arithmetic.logica",
          "match": "@"
        }
      ]
    },
    "logica_predicate": {
      "match": "(?x) \n  (?<!\\w)\n  ([A-Z_]\\w*)\n",
      "captures": {
        "1": {
          "name": "entity.name.function.logica"
        }
      }
    },
    "other_predicate": {
      "patterns": [
        {
          "match": "`[^`]+`",
          "name": "string.interpolated.logica"
        }
      ]
    },
    "predicate": {
      "patterns": [
        {
          "include": "#logica_predicate"
        },
        {
          "include": "#other_predicate"
        }
      ]
    },
    "call": {
      "comment": "This entry includes patterns of both call and head_call.",
      "name": "meta.function-call.logica",
      "begin": "(?x)\n  (@)?\n  (?:\n    ([A-Z_]\\w*) |\n    (\n      (?: `[^`]+`) | \n      (?: [\\w.]+)\n    )\n  )\n  (?<= [\\w`])\n  (\\()\n",
      "end": "(\\))",
      "beginCaptures": {
        "1": {
          "name": "keyword.operator.arithmetic.logica"
        },
        "2": {
          "name": "entity.name.function.logica"
        },
        "3": {
          "patterns": [
            {
              "include": "#other_predicate"
            }
          ]
        },
        "4": {
          "name": "punctuation.definition.arguments.begin.logica"
        }
      },
      "endCaptures": {
        "1": {
          "name": "punctuation.definition.arguments.end.logica"
        }
      },
      "patterns": [
        {
          "include": "#record_internal"
        },
        {
          "include": "#aggregating_field_value"
        }
      ]
    },
    "assignment": {
      "patterns": [
        {
          "include": "#simple_assignment"
        },
        {
          "include": "#aggregating_assignment"
        }
      ]
    },
    "simple_assignment": {
      "patterns": [
        {
          "match": "=",
          "name": "keyword.operator.assignment.logica"
        },
        {
          "include": "#expression"
        }
      ]
    },
    "aggregating_operator": {
      "patterns": [
        {
          "match": "\\+=",
          "name": "keyword.operator.assignment.logica"
        },
        {
          "match": "([A-Z_]\\w*)(=)",
          "captures": {
            "1": {
              "name": "entity.name.function.logica"
            },
            "2": {
              "name": "keyword.operator.assignment.logica"
            }
          }
        }
      ]
    },
    "aggregating_assignment": {
      "patterns": [
        {
          "include": "#aggregating_operator"
        },
        {
          "include": "#expression"
        }
      ]
    },
    "proposition": {
      "patterns": [
        {
          "include": "#conjunction"
        },
        {
          "include": "#disjunction"
        },
        {
          "include": "#negation"
        },
        {
          "include": "#call"
        },
        {
          "include": "#binary_operator_call"
        },
        {
          "include": "#unary_operator_call"
        },
        {
          "include": "#assign_combination"
        },
        {
          "include": "#inclusion"
        },
        {
          "begin": "\\(",
          "end": "\\)",
          "beginCaptures": {
            "0": {
              "name": "punctuation.parenthesis.begin.logica"
            }
          },
          "endCaptures": {
            "0": {
              "name": "punctuation.parenthesis.end.logica"
            }
          },
          "patterns": [
            {
              "include": "#proposition"
            }
          ]
        }
      ]
    },
    "conjunction": {
      "patterns": [
        {
          "name": "punctuation.separator.element.logica",
          "match": ","
        }
      ]
    },
    "disjunction": {
      "patterns": [
        {
          "name": "keyword.operator.logical.logica",
          "match": "\\|"
        }
      ]
    },
    "negation": {
      "name": "keyword.operator.logical.logica",
      "match": "~"
    },
    "assign_combination": {
      "patterns": [
        {
          "include": "#aggregating_operator"
        },
        {
          "name": "keyword.operator.assignment.logica",
          "match": ":-"
        }
      ]
    },
    "program": {
      "patterns": [
        {
          "include": "#program_entry"
        },
        {
          "name": "punctuation.terminator.statement.logica",
          "match": ";"
        },
        {
          "include": "#comment"
        }
      ]
    },
    "program_entry": {
      "patterns": [
        {
          "include": "#import"
        },
        {
          "include": "#functor_application"
        },
        {
          "include": "#rule"
        }
      ]
    },
    "rule": {
      "patterns": [
        {
          "include": "#rule_head"
        },
        {
          "match": ":-",
          "name": "keyword.operator.assignment.logica"
        },
        {
          "include": "#rule_body"
        }
      ]
    },
    "rule_body": {
      "patterns": [
        {
          "include": "#proposition"
        }
      ]
    },
    "rule_head": {
      "patterns": [
        {
          "include": "#assignment"
        },
        {
          "include": "#head_call"
        },
        {
          "match": "(?x)\\b distinct \\b",
          "name": "keyword.control.flow.logica"
        },
        {
          "match": "(?x)\\b couldbe \\b",
          "name": "keyword.control.flow.logica"
        },
        {
          "match": "(?x)\\b cantbe \\b",
          "name": "keyword.control.flow.logica"
        },
        {
          "match": "(?x)\\b shouldbe \\b",
          "name": "keyword.control.flow.logica"
        }
      ]
    },
    "functor_application": {
      "begin": "(?x)\n  ([A-Z_]\\w*)\n  (?: \\s*)\n  (:=)\n  (?: \\s*)\n  ([A-Z_]\\w*)\n  (\\()\n",
      "end": "(\\))",
      "beginCaptures": {
        "1": {
          "name": "entity.name.function.logica"
        },
        "2": {
          "name": "keyword.operator.assignment.logica"
        },
        "3": {
          "name": "entity.name.function.logica"
        },
        "4": {
          "name": "punctuation.definition.arguments.begin.logica"
        }
      },
      "endCaptures": {
        "1": {
          "name": "punctuation.definition.arguments.end.logica"
        }
      },
      "patterns": [
        {
          "include": "#functor_record_internal"
        }
      ]
    },
    "functor_record_internal": {
      "patterns": [
        {
          "name": "punctuation.separator.colon.logica",
          "match": ":"
        },
        {
          "name": "punctuation.separator.element.logica",
          "match": ","
        },
        {
          "include": "#logica_predicate"
        }
      ]
    },
    "comment": {
      "patterns": [
        {
          "include": "#inline_comment"
        },
        {
          "include": "#block_comment"
        }
      ]
    },
    "inline_comment": {
      "patterns": [
        {
          "name": "comment.line.number-sign.logica",
          "begin": "\\s*+(#)",
          "beginCaptures": {
            "1": {
              "name": "punctuation.definition.comment.logica"
            }
          },
          "end": "$"
        }
      ]
    },
    "block_comment": {
      "name": "comment.block.logica",
      "begin": "\\s*+(\\/\\*)",
      "beginCaptures": {
        "1": {
          "name": "punctuation.definition.comment.begin.logica"
        }
      },
      "end": "(\\*\\/)",
      "endCaptures": {
        "1": {
          "name": "punctuation.definition.comment.end.logica"
        }
      }
    }
  },
  "scopeName": "source.logica"
}
